id;ord;name;orig_name;ext;content_type;path;file_size;created_at;created_by;modified_at;modified_by
1;62192;virtual disintermediate;multi-byte;Jewelery Metal;web-readiness Dollar SQL;circuit reintermediate hacking;54708;2021-05-26T23:35:39;25110;2021-05-26T19:53:36;60334
2;48321;Yuan Program;세종 transmit Liaison;synergies Buckinghamshire leverage;initiatives;mobile driver index;1601;2021-05-26T19:19:38;56383;2021-05-26T00:52:32;76229
3;12692;local 1080p Brand;transparent Metal;deposit deposit;Paradigm holistic scale;Director ADP;73878;2021-05-26T14:55:59;17096;2021-05-26T19:43:15;29415
4;95884;XML;Home;Kids ADP recontextualize;GB;initiatives asymmetric;6321;2021-05-26T16:09:17;28509;2021-05-26T04:18:57;54143
5;91038;Bike orchid;iterate Computer CSS;CSS;Frozen;Rubber Proactive;60944;2021-05-26T10:05:34;83245;2021-05-26T08:37:24;14330
6;96764;Berkshire;Franc input generate;경기 Group eyeballs;strategic yellow payment;reintermediate Bike;884;2021-05-26T04:32:24;86646;2021-05-26T01:07:50;82878
7;82668;synthesizing;emulation Account Regional;면 revolutionary digital;Checking data-warehouse Sausages;읍;44535;2021-05-26T14:03:16;57056;2021-05-26T22:01:40;68321
8;18410;Intelligent markets solid;methodology Fresh;PCI PCI;Research;compelling policy Intelligent;4441;2021-05-26T20:26:18;14471;2021-05-26T19:15:16;38336
9;35279;Fantastic grid-enabled Clothing;Data;Burundi Chicken feed;Bedfordshire;GB Investor Planner;13678;2021-05-26T16:32:44;36250;2021-05-26T20:16:05;27279
10;54552;Loan Orchestrator 읍;Garden;dynamic Lari 전남;Factors generating;distributed;67768;2021-05-26T22:59:47;83575;2021-05-26T15:36:55;88321
