id;title;category;created_at;created_by;modified_at;modified_by
1;Solutions payment deposit;multimedia;2021-05-26T04:48:30;248;2021-05-26T15:54:49;43715
2;Equatorial;AI metrics;2021-05-27T01:58:28;26433;2021-05-26T12:42:56;82712
3;Consultant;Borders;2021-05-27T00:44:45;97241;2021-05-26T10:41:01;37058
4;JSON;cyan France copying;2021-05-26T05:37:52;89760;2021-05-26T08:15:52;75503
5;Euro unleash matrix;San Avon Lithuania;2021-05-26T18:35:25;21467;2021-05-26T10:54:15;66510
6;payment Beauty;transmitter Pakistan;2021-05-26T17:31:56;83337;2021-05-26T09:23:36;15284
7;communities Orchestrator connect;Persevering 인천 back-end;2021-05-26T05:26:16;95995;2021-05-26T07:26:37;22267
8;synthesize;읍 동 interactive;2021-05-26T02:47:22;76451;2021-05-26T05:21:35;95131
9;card empowering Kids;cultivate Re-engineered support;2021-05-26T20:13:08;45087;2021-05-26T09:12:08;66362
10;Unit reinvent;Metal capacity overriding;2021-05-26T14:08:39;4279;2021-05-27T01:19:10;87134
