id;status;title;contents;contents_content_type;created_at;created_by;modified_at;modified_by
1;Singapore 인천;Tasty action-items;../fake-data/blob/hipster.png;image/png;2021-05-26T21:13:15;5825;2021-05-26T16:16:32;12209
2;1080p solutions;Generic next-generation;../fake-data/blob/hipster.png;image/png;2021-05-26T07:49:29;53817;2021-05-26T16:10:48;19200
3;인천 면;Markets Optimized hardware;../fake-data/blob/hipster.png;image/png;2021-05-26T11:11:35;84582;2021-05-26T21:49:59;73739
4;Licensed backing;payment Identity;../fake-data/blob/hipster.png;image/png;2021-05-26T14:51:09;86599;2021-05-26T15:46:18;94690
5;Costa Shoes;plum withdrawal Sleek;../fake-data/blob/hipster.png;image/png;2021-05-26T11:18:56;62869;2021-05-26T21:44:26;5985
6;Chicken;navigate generate;../fake-data/blob/hipster.png;image/png;2021-05-26T22:45:04;38160;2021-05-26T21:52:50;42625
7;Technician;XSS connecting;../fake-data/blob/hipster.png;image/png;2021-05-26T09:45:03;35942;2021-05-27T00:26:03;27341
8;synthesize;Fundamental redefine PCI;../fake-data/blob/hipster.png;image/png;2021-05-26T08:11:40;66117;2021-05-26T14:31:29;16783
9;Consultant engineer throughput;network stable;../fake-data/blob/hipster.png;image/png;2021-05-27T00:10:14;53926;2021-05-26T13:44:23;28351
10;deposit;Cotton Administrator;../fake-data/blob/hipster.png;image/png;2021-05-26T04:37:44;9307;2021-05-26T10:53:20;43933
